id,name,model_id/id,group_id/id,perm_read,perm_write,perm_create,perm_unlink
access_crm_commission,access.crm.commission,model_crm_commission,base.group_user,1,1,1,1
access_team_commission,access.team.commission,model_team_commission,base.group_user,1,1,1,1
access_salesperson_commission,access.salesperson.commission,model_salesperson_commission,base.group_user,1,1,1,1
access_commission_product,access.commission.product,model_commission_product,base.group_user,1,1,1,1
access_commission_graduated,access.commission.graduated,model_commission_graduated,base.group_user,1,1,1,1
