<?xml version="1.0" encoding="UTF-8" ?>
<odoo>
    <record id="customer_state_changing_rule" model="base.automation">
       <field name="name">Customer state change rule</field>
        <field name="trigger">on_create</field>
       <field name="model_id" ref="vehicle_management.model_vehicle_customer"/>
       <field name="state">code</field>
        <field name="code">model.customer_state_change()</field>
       <field name="active" eval="True"/>
        <field name="filter_domain">[("active", "=", True)]</field>
</record>
</odoo>
