<?xml version="1.0" encoding="UTF-8" ?>
<odoo>

    <record id="customer_state_changing_rule" model="base.automation">
       <field name="name">Customer state change rule</field>
        <field name="trigger">on_create_or_write</field>
       <field name="model_id" ref="vehicle_management.model_vehicle_management"/>
       <field name="active" eval="True"/>
        <field name="action_server_ids">customer_state_changing_rule_server</field>
    </record>

     <record id="customer_state_changing_rule_server" model="ir.actions.server">
        <field name="name">Customer state change rule server</field>
        <field name="model_id" ref="model_vehicle_management"/>
        <field name="state">code</field>
        <field name="code">model.update_customer_stage()</field>
        <field name="usage">base_automation</field>
        <field name="base_automation_id" ref="customer_state_changing_rule"/>
    </record>


</odoo>
